"UPDATE","SUBJECT","msgs\test_email_01.msg","Email test_email_01.msg"  
"ADD","ATTACH","BODY_FILE","msgs\test_email_01.msg","attach_1.docx","test_attachment.docx"
"ADD","ATTACH","BODY_FILE","msgs\test_email_01.msg","attach_2.docx","test_attachment.docx"
"ADD","ATTACH","BODY_FILE","msgs\test_email_01.msg","attach_3.docx","test_attachment.docx"
"ADD","ATTACH","BODY_FILE","msgs\test_email_01.msg","attach_4.docx","test_attachment.docx"
"ADD","ATTACH","BODY_FILE","msgs\test_email_01.msg","attach_5.docx","test_attachment.docx"
"ADD","ATTACH","BODY_FILE","msgs\test_email_01.msg","attach_6.docx","test_attachment.docx"
"ADD","ATTACH","BODY_FILE","msgs\test_email_01.msg","attach_7.docx","test_attachment.docx"
"ADD","ATTACH","BODY_FILE","msgs\test_email_01.msg","attach_8.docx","test_attachment.docx"
"ADD","ATTACH","BODY_FILE","msgs\test_email_01.msg","attach_9.docx","test_attachment.docx"
"ADD","ATTACH","BODY_FILE","msgs\test_email_01.msg","attach_10.docx","test_attachment.docx"
"UPDATE","SUBJECT","msgs\test_email_02.msg","Email test_email_02.msg"  
"ADD","ATTACH","BODY_FILE","msgs\test_email_02.msg","attach_1.docx","test_attachment.docx"
"ADD","ATTACH","BODY_FILE","msgs\test_email_02.msg","attach_2.docx","test_attachment.docx"
"ADD","ATTACH","BODY_FILE","msgs\test_email_02.msg","attach_3.docx","test_attachment.docx"
"ADD","ATTACH","BODY_FILE","msgs\test_email_02.msg","attach_4.docx","test_attachment.docx"
"ADD","ATTACH","BODY_FILE","msgs\test_email_02.msg","attach_5.docx","test_attachment.docx"
"ADD","ATTACH","BODY_FILE","msgs\test_email_02.msg","attach_6.docx","test_attachment.docx"
"ADD","ATTACH","BODY_FILE","msgs\test_email_02.msg","attach_7.docx","test_attachment.docx"
"ADD","ATTACH","BODY_FILE","msgs\test_email_02.msg","attach_8.docx","test_attachment.docx"
"ADD","ATTACH","BODY_FILE","msgs\test_email_02.msg","attach_9.docx","test_attachment.docx"
"ADD","ATTACH","BODY_FILE","msgs\test_email_02.msg","attach_10.docx","test_attachment.docx"
"UPDATE","SUBJECT","msgs\test_email_03.msg","Email test_email_03.msg"  
"ADD","ATTACH","BODY_FILE","msgs\test_email_03.msg","attach_1.docx","test_attachment.docx"
"ADD","ATTACH","BODY_FILE","msgs\test_email_03.msg","attach_2.docx","test_attachment.docx"
"ADD","ATTACH","BODY_FILE","msgs\test_email_03.msg","attach_3.docx","test_attachment.docx"
"ADD","ATTACH","BODY_FILE","msgs\test_email_03.msg","attach_4.docx","test_attachment.docx"
"ADD","ATTACH","BODY_FILE","msgs\test_email_03.msg","attach_5.docx","test_attachment.docx"
"ADD","ATTACH","BODY_FILE","msgs\test_email_03.msg","attach_6.docx","test_attachment.docx"
"ADD","ATTACH","BODY_FILE","msgs\test_email_03.msg","attach_7.docx","test_attachment.docx"
"ADD","ATTACH","BODY_FILE","msgs\test_email_03.msg","attach_8.docx","test_attachment.docx"
"ADD","ATTACH","BODY_FILE","msgs\test_email_03.msg","attach_9.docx","test_attachment.docx"
"ADD","ATTACH","BODY_FILE","msgs\test_email_03.msg","attach_10.docx","test_attachment.docx"
"UPDATE","SUBJECT","msgs\test_email_04.msg","Email test_email_04.msg"  
"ADD","ATTACH","BODY_FILE","msgs\test_email_04.msg","attach_1.docx","test_attachment.docx"
"ADD","ATTACH","BODY_FILE","msgs\test_email_04.msg","attach_2.docx","test_attachment.docx"
"ADD","ATTACH","BODY_FILE","msgs\test_email_04.msg","attach_3.docx","test_attachment.docx"
"ADD","ATTACH","BODY_FILE","msgs\test_email_04.msg","attach_4.docx","test_attachment.docx"
"ADD","ATTACH","BODY_FILE","msgs\test_email_04.msg","attach_5.docx","test_attachment.docx"
"ADD","ATTACH","BODY_FILE","msgs\test_email_04.msg","attach_6.docx","test_attachment.docx"
"ADD","ATTACH","BODY_FILE","msgs\test_email_04.msg","attach_7.docx","test_attachment.docx"
"ADD","ATTACH","BODY_FILE","msgs\test_email_04.msg","attach_8.docx","test_attachment.docx"
"ADD","ATTACH","BODY_FILE","msgs\test_email_04.msg","attach_9.docx","test_attachment.docx"
"ADD","ATTACH","BODY_FILE","msgs\test_email_04.msg","attach_10.docx","test_attachment.docx"
"UPDATE","SUBJECT","msgs\test_email_05.msg","Email test_email_05.msg"  
"ADD","ATTACH","BODY_FILE","msgs\test_email_05.msg","attach_1.docx","test_attachment.docx"
"ADD","ATTACH","BODY_FILE","msgs\test_email_05.msg","attach_2.docx","test_attachment.docx"
"ADD","ATTACH","BODY_FILE","msgs\test_email_05.msg","attach_3.docx","test_attachment.docx"
"ADD","ATTACH","BODY_FILE","msgs\test_email_05.msg","attach_4.docx","test_attachment.docx"
"ADD","ATTACH","BODY_FILE","msgs\test_email_05.msg","attach_5.docx","test_attachment.docx"
"ADD","ATTACH","BODY_FILE","msgs\test_email_05.msg","attach_6.docx","test_attachment.docx"
"ADD","ATTACH","BODY_FILE","msgs\test_email_05.msg","attach_7.docx","test_attachment.docx"
"ADD","ATTACH","BODY_FILE","msgs\test_email_05.msg","attach_8.docx","test_attachment.docx"
"ADD","ATTACH","BODY_FILE","msgs\test_email_05.msg","attach_9.docx","test_attachment.docx"
"ADD","ATTACH","BODY_FILE","msgs\test_email_05.msg","attach_10.docx","test_attachment.docx"
"UPDATE","SUBJECT","msgs\test_email_06.msg","Email test_email_06.msg"  
"ADD","ATTACH","BODY_FILE","msgs\test_email_06.msg","attach_1.docx","test_attachment.docx"
"ADD","ATTACH","BODY_FILE","msgs\test_email_06.msg","attach_2.docx","test_attachment.docx"
"ADD","ATTACH","BODY_FILE","msgs\test_email_06.msg","attach_3.docx","test_attachment.docx"
"ADD","ATTACH","BODY_FILE","msgs\test_email_06.msg","attach_4.docx","test_attachment.docx"
"ADD","ATTACH","BODY_FILE","msgs\test_email_06.msg","attach_5.docx","test_attachment.docx"
"ADD","ATTACH","BODY_FILE","msgs\test_email_06.msg","attach_6.docx","test_attachment.docx"
"ADD","ATTACH","BODY_FILE","msgs\test_email_06.msg","attach_7.docx","test_attachment.docx"
"ADD","ATTACH","BODY_FILE","msgs\test_email_06.msg","attach_8.docx","test_attachment.docx"
"ADD","ATTACH","BODY_FILE","msgs\test_email_06.msg","attach_9.docx","test_attachment.docx"
"ADD","ATTACH","BODY_FILE","msgs\test_email_06.msg","attach_10.docx","test_attachment.docx"
"UPDATE","SUBJECT","msgs\test_email_07.msg","Email test_email_07.msg"  
"ADD","ATTACH","BODY_FILE","msgs\test_email_07.msg","attach_1.docx","test_attachment.docx"
"ADD","ATTACH","BODY_FILE","msgs\test_email_07.msg","attach_2.docx","test_attachment.docx"
"ADD","ATTACH","BODY_FILE","msgs\test_email_07.msg","attach_3.docx","test_attachment.docx"
"ADD","ATTACH","BODY_FILE","msgs\test_email_07.msg","attach_4.docx","test_attachment.docx"
"ADD","ATTACH","BODY_FILE","msgs\test_email_07.msg","attach_5.docx","test_attachment.docx"
"ADD","ATTACH","BODY_FILE","msgs\test_email_07.msg","attach_6.docx","test_attachment.docx"
"ADD","ATTACH","BODY_FILE","msgs\test_email_07.msg","attach_7.docx","test_attachment.docx"
"ADD","ATTACH","BODY_FILE","msgs\test_email_07.msg","attach_8.docx","test_attachment.docx"
"ADD","ATTACH","BODY_FILE","msgs\test_email_07.msg","attach_9.docx","test_attachment.docx"
"ADD","ATTACH","BODY_FILE","msgs\test_email_07.msg","attach_10.docx","test_attachment.docx"
"UPDATE","SUBJECT","msgs\test_email_08.msg","Email test_email_08.msg"  
"ADD","ATTACH","BODY_FILE","msgs\test_email_08.msg","attach_1.docx","test_attachment.docx"
"ADD","ATTACH","BODY_FILE","msgs\test_email_08.msg","attach_2.docx","test_attachment.docx"
"ADD","ATTACH","BODY_FILE","msgs\test_email_08.msg","attach_3.docx","test_attachment.docx"
"ADD","ATTACH","BODY_FILE","msgs\test_email_08.msg","attach_4.docx","test_attachment.docx"
"ADD","ATTACH","BODY_FILE","msgs\test_email_08.msg","attach_5.docx","test_attachment.docx"
"ADD","ATTACH","BODY_FILE","msgs\test_email_08.msg","attach_6.docx","test_attachment.docx"
"ADD","ATTACH","BODY_FILE","msgs\test_email_08.msg","attach_7.docx","test_attachment.docx"
"ADD","ATTACH","BODY_FILE","msgs\test_email_08.msg","attach_8.docx","test_attachment.docx"
"ADD","ATTACH","BODY_FILE","msgs\test_email_08.msg","attach_9.docx","test_attachment.docx"
"ADD","ATTACH","BODY_FILE","msgs\test_email_08.msg","attach_10.docx","test_attachment.docx"
"UPDATE","SUBJECT","msgs\test_email_09.msg","Email test_email_09.msg"  
"ADD","ATTACH","BODY_FILE","msgs\test_email_09.msg","attach_1.docx","test_attachment.docx"
"ADD","ATTACH","BODY_FILE","msgs\test_email_09.msg","attach_2.docx","test_attachment.docx"
"ADD","ATTACH","BODY_FILE","msgs\test_email_09.msg","attach_3.docx","test_attachment.docx"
"ADD","ATTACH","BODY_FILE","msgs\test_email_09.msg","attach_4.docx","test_attachment.docx"
"ADD","ATTACH","BODY_FILE","msgs\test_email_09.msg","attach_5.docx","test_attachment.docx"
"ADD","ATTACH","BODY_FILE","msgs\test_email_09.msg","attach_6.docx","test_attachment.docx"
"ADD","ATTACH","BODY_FILE","msgs\test_email_09.msg","attach_7.docx","test_attachment.docx"
"ADD","ATTACH","BODY_FILE","msgs\test_email_09.msg","attach_8.docx","test_attachment.docx"
"ADD","ATTACH","BODY_FILE","msgs\test_email_09.msg","attach_9.docx","test_attachment.docx"
"ADD","ATTACH","BODY_FILE","msgs\test_email_09.msg","attach_10.docx","test_attachment.docx"
"UPDATE","SUBJECT","msgs\test_email_10.msg","Email test_email_10.msg"  
"ADD","ATTACH","BODY_FILE","msgs\test_email_10.msg","attach_1.docx","test_attachment.docx"
"ADD","ATTACH","BODY_FILE","msgs\test_email_10.msg","attach_2.docx","test_attachment.docx"
"ADD","ATTACH","BODY_FILE","msgs\test_email_10.msg","attach_3.docx","test_attachment.docx"
"ADD","ATTACH","BODY_FILE","msgs\test_email_10.msg","attach_4.docx","test_attachment.docx"
"ADD","ATTACH","BODY_FILE","msgs\test_email_10.msg","attach_5.docx","test_attachment.docx"
"ADD","ATTACH","BODY_FILE","msgs\test_email_10.msg","attach_6.docx","test_attachment.docx"
"ADD","ATTACH","BODY_FILE","msgs\test_email_10.msg","attach_7.docx","test_attachment.docx"
"ADD","ATTACH","BODY_FILE","msgs\test_email_10.msg","attach_8.docx","test_attachment.docx"
"ADD","ATTACH","BODY_FILE","msgs\test_email_10.msg","attach_9.docx","test_attachment.docx"
"ADD","ATTACH","BODY_FILE","msgs\test_email_10.msg","attach_10.docx","test_attachment.docx"
"UPDATE","SUBJECT","msgs\test_email_11.msg","Email test_email_11.msg"  
"ADD","ATTACH","BODY_FILE","msgs\test_email_11.msg","attach_1.docx","test_attachment.docx"
"ADD","ATTACH","BODY_FILE","msgs\test_email_11.msg","attach_2.docx","test_attachment.docx"
"ADD","ATTACH","BODY_FILE","msgs\test_email_11.msg","attach_3.docx","test_attachment.docx"
"ADD","ATTACH","BODY_FILE","msgs\test_email_11.msg","attach_4.docx","test_attachment.docx"
"ADD","ATTACH","BODY_FILE","msgs\test_email_11.msg","attach_5.docx","test_attachment.docx"
"ADD","ATTACH","BODY_FILE","msgs\test_email_11.msg","attach_6.docx","test_attachment.docx"
"ADD","ATTACH","BODY_FILE","msgs\test_email_11.msg","attach_7.docx","test_attachment.docx"
"ADD","ATTACH","BODY_FILE","msgs\test_email_11.msg","attach_8.docx","test_attachment.docx"
"ADD","ATTACH","BODY_FILE","msgs\test_email_11.msg","attach_9.docx","test_attachment.docx"
"ADD","ATTACH","BODY_FILE","msgs\test_email_11.msg","attach_10.docx","test_attachment.docx"
"UPDATE","SUBJECT","msgs\test_email_12.msg","Email test_email_12.msg"  
"ADD","ATTACH","BODY_FILE","msgs\test_email_12.msg","attach_1.docx","test_attachment.docx"
"ADD","ATTACH","BODY_FILE","msgs\test_email_12.msg","attach_2.docx","test_attachment.docx"
"ADD","ATTACH","BODY_FILE","msgs\test_email_12.msg","attach_3.docx","test_attachment.docx"
"ADD","ATTACH","BODY_FILE","msgs\test_email_12.msg","attach_4.docx","test_attachment.docx"
"ADD","ATTACH","BODY_FILE","msgs\test_email_12.msg","attach_5.docx","test_attachment.docx"
"ADD","ATTACH","BODY_FILE","msgs\test_email_12.msg","attach_6.docx","test_attachment.docx"
"ADD","ATTACH","BODY_FILE","msgs\test_email_12.msg","attach_7.docx","test_attachment.docx"
"ADD","ATTACH","BODY_FILE","msgs\test_email_12.msg","attach_8.docx","test_attachment.docx"
"ADD","ATTACH","BODY_FILE","msgs\test_email_12.msg","attach_9.docx","test_attachment.docx"
"ADD","ATTACH","BODY_FILE","msgs\test_email_12.msg","attach_10.docx","test_attachment.docx"
"UPDATE","SUBJECT","msgs\test_email_13.msg","Email test_email_13.msg"  
"ADD","ATTACH","BODY_FILE","msgs\test_email_13.msg","attach_1.docx","test_attachment.docx"
"ADD","ATTACH","BODY_FILE","msgs\test_email_13.msg","attach_2.docx","test_attachment.docx"
"ADD","ATTACH","BODY_FILE","msgs\test_email_13.msg","attach_3.docx","test_attachment.docx"
"ADD","ATTACH","BODY_FILE","msgs\test_email_13.msg","attach_4.docx","test_attachment.docx"
"ADD","ATTACH","BODY_FILE","msgs\test_email_13.msg","attach_5.docx","test_attachment.docx"
"ADD","ATTACH","BODY_FILE","msgs\test_email_13.msg","attach_6.docx","test_attachment.docx"
"ADD","ATTACH","BODY_FILE","msgs\test_email_13.msg","attach_7.docx","test_attachment.docx"
"ADD","ATTACH","BODY_FILE","msgs\test_email_13.msg","attach_8.docx","test_attachment.docx"
"ADD","ATTACH","BODY_FILE","msgs\test_email_13.msg","attach_9.docx","test_attachment.docx"
"ADD","ATTACH","BODY_FILE","msgs\test_email_13.msg","attach_10.docx","test_attachment.docx"
"UPDATE","SUBJECT","msgs\test_email_14.msg","Email test_email_14.msg"  
"ADD","ATTACH","BODY_FILE","msgs\test_email_14.msg","attach_1.docx","test_attachment.docx"
"ADD","ATTACH","BODY_FILE","msgs\test_email_14.msg","attach_2.docx","test_attachment.docx"
"ADD","ATTACH","BODY_FILE","msgs\test_email_14.msg","attach_3.docx","test_attachment.docx"
"ADD","ATTACH","BODY_FILE","msgs\test_email_14.msg","attach_4.docx","test_attachment.docx"
"ADD","ATTACH","BODY_FILE","msgs\test_email_14.msg","attach_5.docx","test_attachment.docx"
"ADD","ATTACH","BODY_FILE","msgs\test_email_14.msg","attach_6.docx","test_attachment.docx"
"ADD","ATTACH","BODY_FILE","msgs\test_email_14.msg","attach_7.docx","test_attachment.docx"
"ADD","ATTACH","BODY_FILE","msgs\test_email_14.msg","attach_8.docx","test_attachment.docx"
"ADD","ATTACH","BODY_FILE","msgs\test_email_14.msg","attach_9.docx","test_attachment.docx"
"ADD","ATTACH","BODY_FILE","msgs\test_email_14.msg","attach_10.docx","test_attachment.docx"
"UPDATE","SUBJECT","msgs\test_email_15.msg","Email test_email_15.msg"  
"ADD","ATTACH","BODY_FILE","msgs\test_email_15.msg","attach_1.docx","test_attachment.docx"
"ADD","ATTACH","BODY_FILE","msgs\test_email_15.msg","attach_2.docx","test_attachment.docx"
"ADD","ATTACH","BODY_FILE","msgs\test_email_15.msg","attach_3.docx","test_attachment.docx"
"ADD","ATTACH","BODY_FILE","msgs\test_email_15.msg","attach_4.docx","test_attachment.docx"
"ADD","ATTACH","BODY_FILE","msgs\test_email_15.msg","attach_5.docx","test_attachment.docx"
"ADD","ATTACH","BODY_FILE","msgs\test_email_15.msg","attach_6.docx","test_attachment.docx"
"ADD","ATTACH","BODY_FILE","msgs\test_email_15.msg","attach_7.docx","test_attachment.docx"
"ADD","ATTACH","BODY_FILE","msgs\test_email_15.msg","attach_8.docx","test_attachment.docx"
"ADD","ATTACH","BODY_FILE","msgs\test_email_15.msg","attach_9.docx","test_attachment.docx"
"ADD","ATTACH","BODY_FILE","msgs\test_email_15.msg","attach_10.docx","test_attachment.docx"
"UPDATE","SUBJECT","msgs\test_email_16.msg","Email test_email_16.msg"  
"ADD","ATTACH","BODY_FILE","msgs\test_email_16.msg","attach_1.docx","test_attachment.docx"
"ADD","ATTACH","BODY_FILE","msgs\test_email_16.msg","attach_2.docx","test_attachment.docx"
"ADD","ATTACH","BODY_FILE","msgs\test_email_16.msg","attach_3.docx","test_attachment.docx"
"ADD","ATTACH","BODY_FILE","msgs\test_email_16.msg","attach_4.docx","test_attachment.docx"
"ADD","ATTACH","BODY_FILE","msgs\test_email_16.msg","attach_5.docx","test_attachment.docx"
"ADD","ATTACH","BODY_FILE","msgs\test_email_16.msg","attach_6.docx","test_attachment.docx"
"ADD","ATTACH","BODY_FILE","msgs\test_email_16.msg","attach_7.docx","test_attachment.docx"
"ADD","ATTACH","BODY_FILE","msgs\test_email_16.msg","attach_8.docx","test_attachment.docx"
"ADD","ATTACH","BODY_FILE","msgs\test_email_16.msg","attach_9.docx","test_attachment.docx"
"ADD","ATTACH","BODY_FILE","msgs\test_email_16.msg","attach_10.docx","test_attachment.docx"
"UPDATE","SUBJECT","msgs\test_email_17.msg","Email test_email_17.msg"  
"ADD","ATTACH","BODY_FILE","msgs\test_email_17.msg","attach_1.docx","test_attachment.docx"
"ADD","ATTACH","BODY_FILE","msgs\test_email_17.msg","attach_2.docx","test_attachment.docx"
"ADD","ATTACH","BODY_FILE","msgs\test_email_17.msg","attach_3.docx","test_attachment.docx"
"ADD","ATTACH","BODY_FILE","msgs\test_email_17.msg","attach_4.docx","test_attachment.docx"
"ADD","ATTACH","BODY_FILE","msgs\test_email_17.msg","attach_5.docx","test_attachment.docx"
"ADD","ATTACH","BODY_FILE","msgs\test_email_17.msg","attach_6.docx","test_attachment.docx"
"ADD","ATTACH","BODY_FILE","msgs\test_email_17.msg","attach_7.docx","test_attachment.docx"
"ADD","ATTACH","BODY_FILE","msgs\test_email_17.msg","attach_8.docx","test_attachment.docx"
"ADD","ATTACH","BODY_FILE","msgs\test_email_17.msg","attach_9.docx","test_attachment.docx"
"ADD","ATTACH","BODY_FILE","msgs\test_email_17.msg","attach_10.docx","test_attachment.docx"
"UPDATE","SUBJECT","msgs\test_email_18.msg","Email test_email_18.msg"  
"ADD","ATTACH","BODY_FILE","msgs\test_email_18.msg","attach_1.docx","test_attachment.docx"
"ADD","ATTACH","BODY_FILE","msgs\test_email_18.msg","attach_2.docx","test_attachment.docx"
"ADD","ATTACH","BODY_FILE","msgs\test_email_18.msg","attach_3.docx","test_attachment.docx"
"ADD","ATTACH","BODY_FILE","msgs\test_email_18.msg","attach_4.docx","test_attachment.docx"
"ADD","ATTACH","BODY_FILE","msgs\test_email_18.msg","attach_5.docx","test_attachment.docx"
"ADD","ATTACH","BODY_FILE","msgs\test_email_18.msg","attach_6.docx","test_attachment.docx"
"ADD","ATTACH","BODY_FILE","msgs\test_email_18.msg","attach_7.docx","test_attachment.docx"
"ADD","ATTACH","BODY_FILE","msgs\test_email_18.msg","attach_8.docx","test_attachment.docx"
"ADD","ATTACH","BODY_FILE","msgs\test_email_18.msg","attach_9.docx","test_attachment.docx"
"ADD","ATTACH","BODY_FILE","msgs\test_email_18.msg","attach_10.docx","test_attachment.docx"
"UPDATE","SUBJECT","msgs\test_email_19.msg","Email test_email_19.msg"  
"ADD","ATTACH","BODY_FILE","msgs\test_email_19.msg","attach_1.docx","test_attachment.docx"
"ADD","ATTACH","BODY_FILE","msgs\test_email_19.msg","attach_2.docx","test_attachment.docx"
"ADD","ATTACH","BODY_FILE","msgs\test_email_19.msg","attach_3.docx","test_attachment.docx"
"ADD","ATTACH","BODY_FILE","msgs\test_email_19.msg","attach_4.docx","test_attachment.docx"
"ADD","ATTACH","BODY_FILE","msgs\test_email_19.msg","attach_5.docx","test_attachment.docx"
"ADD","ATTACH","BODY_FILE","msgs\test_email_19.msg","attach_6.docx","test_attachment.docx"
"ADD","ATTACH","BODY_FILE","msgs\test_email_19.msg","attach_7.docx","test_attachment.docx"
"ADD","ATTACH","BODY_FILE","msgs\test_email_19.msg","attach_8.docx","test_attachment.docx"
"ADD","ATTACH","BODY_FILE","msgs\test_email_19.msg","attach_9.docx","test_attachment.docx"
"ADD","ATTACH","BODY_FILE","msgs\test_email_19.msg","attach_10.docx","test_attachment.docx"
"UPDATE","SUBJECT","msgs\test_email_20.msg","Email test_email_20.msg"  
"ADD","ATTACH","BODY_FILE","msgs\test_email_20.msg","attach_1.docx","test_attachment.docx"
"ADD","ATTACH","BODY_FILE","msgs\test_email_20.msg","attach_2.docx","test_attachment.docx"
"ADD","ATTACH","BODY_FILE","msgs\test_email_20.msg","attach_3.docx","test_attachment.docx"
"ADD","ATTACH","BODY_FILE","msgs\test_email_20.msg","attach_4.docx","test_attachment.docx"
"ADD","ATTACH","BODY_FILE","msgs\test_email_20.msg","attach_5.docx","test_attachment.docx"
"ADD","ATTACH","BODY_FILE","msgs\test_email_20.msg","attach_6.docx","test_attachment.docx"
"ADD","ATTACH","BODY_FILE","msgs\test_email_20.msg","attach_7.docx","test_attachment.docx"
"ADD","ATTACH","BODY_FILE","msgs\test_email_20.msg","attach_8.docx","test_attachment.docx"
"ADD","ATTACH","BODY_FILE","msgs\test_email_20.msg","attach_9.docx","test_attachment.docx"
"ADD","ATTACH","BODY_FILE","msgs\test_email_20.msg","attach_10.docx","test_attachment.docx"
"UPDATE","SUBJECT","msgs\test_email_21.msg","Email test_email_21.msg"  
"ADD","ATTACH","BODY_FILE","msgs\test_email_21.msg","attach_1.docx","test_attachment.docx"
"ADD","ATTACH","BODY_FILE","msgs\test_email_21.msg","attach_2.docx","test_attachment.docx"
"ADD","ATTACH","BODY_FILE","msgs\test_email_21.msg","attach_3.docx","test_attachment.docx"
"ADD","ATTACH","BODY_FILE","msgs\test_email_21.msg","attach_4.docx","test_attachment.docx"
"ADD","ATTACH","BODY_FILE","msgs\test_email_21.msg","attach_5.docx","test_attachment.docx"
"ADD","ATTACH","BODY_FILE","msgs\test_email_21.msg","attach_6.docx","test_attachment.docx"
"ADD","ATTACH","BODY_FILE","msgs\test_email_21.msg","attach_7.docx","test_attachment.docx"
"ADD","ATTACH","BODY_FILE","msgs\test_email_21.msg","attach_8.docx","test_attachment.docx"
"ADD","ATTACH","BODY_FILE","msgs\test_email_21.msg","attach_9.docx","test_attachment.docx"
"ADD","ATTACH","BODY_FILE","msgs\test_email_21.msg","attach_10.docx","test_attachment.docx"
"UPDATE","SUBJECT","msgs\test_email_22.msg","Email test_email_22.msg"  
"ADD","ATTACH","BODY_FILE","msgs\test_email_22.msg","attach_1.docx","test_attachment.docx"
"ADD","ATTACH","BODY_FILE","msgs\test_email_22.msg","attach_2.docx","test_attachment.docx"
"ADD","ATTACH","BODY_FILE","msgs\test_email_22.msg","attach_3.docx","test_attachment.docx"
"ADD","ATTACH","BODY_FILE","msgs\test_email_22.msg","attach_4.docx","test_attachment.docx"
"ADD","ATTACH","BODY_FILE","msgs\test_email_22.msg","attach_5.docx","test_attachment.docx"
"ADD","ATTACH","BODY_FILE","msgs\test_email_22.msg","attach_6.docx","test_attachment.docx"
"ADD","ATTACH","BODY_FILE","msgs\test_email_22.msg","attach_7.docx","test_attachment.docx"
"ADD","ATTACH","BODY_FILE","msgs\test_email_22.msg","attach_8.docx","test_attachment.docx"
"ADD","ATTACH","BODY_FILE","msgs\test_email_22.msg","attach_9.docx","test_attachment.docx"
"ADD","ATTACH","BODY_FILE","msgs\test_email_22.msg","attach_10.docx","test_attachment.docx"
"UPDATE","SUBJECT","msgs\test_email_23.msg","Email test_email_23.msg"  
"ADD","ATTACH","BODY_FILE","msgs\test_email_23.msg","attach_1.docx","test_attachment.docx"
"ADD","ATTACH","BODY_FILE","msgs\test_email_23.msg","attach_2.docx","test_attachment.docx"
"ADD","ATTACH","BODY_FILE","msgs\test_email_23.msg","attach_3.docx","test_attachment.docx"
"ADD","ATTACH","BODY_FILE","msgs\test_email_23.msg","attach_4.docx","test_attachment.docx"
"ADD","ATTACH","BODY_FILE","msgs\test_email_23.msg","attach_5.docx","test_attachment.docx"
"ADD","ATTACH","BODY_FILE","msgs\test_email_23.msg","attach_6.docx","test_attachment.docx"
"ADD","ATTACH","BODY_FILE","msgs\test_email_23.msg","attach_7.docx","test_attachment.docx"
"ADD","ATTACH","BODY_FILE","msgs\test_email_23.msg","attach_8.docx","test_attachment.docx"
"ADD","ATTACH","BODY_FILE","msgs\test_email_23.msg","attach_9.docx","test_attachment.docx"
"ADD","ATTACH","BODY_FILE","msgs\test_email_23.msg","attach_10.docx","test_attachment.docx"
"UPDATE","SUBJECT","msgs\test_email_24.msg","Email test_email_24.msg"  
"ADD","ATTACH","BODY_FILE","msgs\test_email_24.msg","attach_1.docx","test_attachment.docx"
"ADD","ATTACH","BODY_FILE","msgs\test_email_24.msg","attach_2.docx","test_attachment.docx"
"ADD","ATTACH","BODY_FILE","msgs\test_email_24.msg","attach_3.docx","test_attachment.docx"
"ADD","ATTACH","BODY_FILE","msgs\test_email_24.msg","attach_4.docx","test_attachment.docx"
"ADD","ATTACH","BODY_FILE","msgs\test_email_24.msg","attach_5.docx","test_attachment.docx"
"ADD","ATTACH","BODY_FILE","msgs\test_email_24.msg","attach_6.docx","test_attachment.docx"
"ADD","ATTACH","BODY_FILE","msgs\test_email_24.msg","attach_7.docx","test_attachment.docx"
"ADD","ATTACH","BODY_FILE","msgs\test_email_24.msg","attach_8.docx","test_attachment.docx"
"ADD","ATTACH","BODY_FILE","msgs\test_email_24.msg","attach_9.docx","test_attachment.docx"
"ADD","ATTACH","BODY_FILE","msgs\test_email_24.msg","attach_10.docx","test_attachment.docx"
"UPDATE","SUBJECT","msgs\test_email_25.msg","Email test_email_25.msg"  
"ADD","ATTACH","BODY_FILE","msgs\test_email_25.msg","attach_1.docx","test_attachment.docx"
"ADD","ATTACH","BODY_FILE","msgs\test_email_25.msg","attach_2.docx","test_attachment.docx"
"ADD","ATTACH","BODY_FILE","msgs\test_email_25.msg","attach_3.docx","test_attachment.docx"
"ADD","ATTACH","BODY_FILE","msgs\test_email_25.msg","attach_4.docx","test_attachment.docx"
"ADD","ATTACH","BODY_FILE","msgs\test_email_25.msg","attach_5.docx","test_attachment.docx"
"ADD","ATTACH","BODY_FILE","msgs\test_email_25.msg","attach_6.docx","test_attachment.docx"
"ADD","ATTACH","BODY_FILE","msgs\test_email_25.msg","attach_7.docx","test_attachment.docx"
"ADD","ATTACH","BODY_FILE","msgs\test_email_25.msg","attach_8.docx","test_attachment.docx"
"ADD","ATTACH","BODY_FILE","msgs\test_email_25.msg","attach_9.docx","test_attachment.docx"
"ADD","ATTACH","BODY_FILE","msgs\test_email_25.msg","attach_10.docx","test_attachment.docx"
"UPDATE","SUBJECT","msgs\test_email_26.msg","Email test_email_26.msg"  
"ADD","ATTACH","BODY_FILE","msgs\test_email_26.msg","attach_1.docx","test_attachment.docx"
"ADD","ATTACH","BODY_FILE","msgs\test_email_26.msg","attach_2.docx","test_attachment.docx"
"ADD","ATTACH","BODY_FILE","msgs\test_email_26.msg","attach_3.docx","test_attachment.docx"
"ADD","ATTACH","BODY_FILE","msgs\test_email_26.msg","attach_4.docx","test_attachment.docx"
"ADD","ATTACH","BODY_FILE","msgs\test_email_26.msg","attach_5.docx","test_attachment.docx"
"ADD","ATTACH","BODY_FILE","msgs\test_email_26.msg","attach_6.docx","test_attachment.docx"
"ADD","ATTACH","BODY_FILE","msgs\test_email_26.msg","attach_7.docx","test_attachment.docx"
"ADD","ATTACH","BODY_FILE","msgs\test_email_26.msg","attach_8.docx","test_attachment.docx"
"ADD","ATTACH","BODY_FILE","msgs\test_email_26.msg","attach_9.docx","test_attachment.docx"
"ADD","ATTACH","BODY_FILE","msgs\test_email_26.msg","attach_10.docx","test_attachment.docx"
"UPDATE","SUBJECT","msgs\test_email_27.msg","Email test_email_27.msg"  
"ADD","ATTACH","BODY_FILE","msgs\test_email_27.msg","attach_1.docx","test_attachment.docx"
"ADD","ATTACH","BODY_FILE","msgs\test_email_27.msg","attach_2.docx","test_attachment.docx"
"ADD","ATTACH","BODY_FILE","msgs\test_email_27.msg","attach_3.docx","test_attachment.docx"
"ADD","ATTACH","BODY_FILE","msgs\test_email_27.msg","attach_4.docx","test_attachment.docx"
"ADD","ATTACH","BODY_FILE","msgs\test_email_27.msg","attach_5.docx","test_attachment.docx"
"ADD","ATTACH","BODY_FILE","msgs\test_email_27.msg","attach_6.docx","test_attachment.docx"
"ADD","ATTACH","BODY_FILE","msgs\test_email_27.msg","attach_7.docx","test_attachment.docx"
"ADD","ATTACH","BODY_FILE","msgs\test_email_27.msg","attach_8.docx","test_attachment.docx"
"ADD","ATTACH","BODY_FILE","msgs\test_email_27.msg","attach_9.docx","test_attachment.docx"
"ADD","ATTACH","BODY_FILE","msgs\test_email_27.msg","attach_10.docx","test_attachment.docx"
"UPDATE","SUBJECT","msgs\test_email_28.msg","Email test_email_28.msg"  
"ADD","ATTACH","BODY_FILE","msgs\test_email_28.msg","attach_1.docx","test_attachment.docx"
"ADD","ATTACH","BODY_FILE","msgs\test_email_28.msg","attach_2.docx","test_attachment.docx"
"ADD","ATTACH","BODY_FILE","msgs\test_email_28.msg","attach_3.docx","test_attachment.docx"
"ADD","ATTACH","BODY_FILE","msgs\test_email_28.msg","attach_4.docx","test_attachment.docx"
"ADD","ATTACH","BODY_FILE","msgs\test_email_28.msg","attach_5.docx","test_attachment.docx"
"ADD","ATTACH","BODY_FILE","msgs\test_email_28.msg","attach_6.docx","test_attachment.docx"
"ADD","ATTACH","BODY_FILE","msgs\test_email_28.msg","attach_7.docx","test_attachment.docx"
"ADD","ATTACH","BODY_FILE","msgs\test_email_28.msg","attach_8.docx","test_attachment.docx"
"ADD","ATTACH","BODY_FILE","msgs\test_email_28.msg","attach_9.docx","test_attachment.docx"
"ADD","ATTACH","BODY_FILE","msgs\test_email_28.msg","attach_10.docx","test_attachment.docx"
"UPDATE","SUBJECT","msgs\test_email_29.msg","Email test_email_29.msg"  
"ADD","ATTACH","BODY_FILE","msgs\test_email_29.msg","attach_1.docx","test_attachment.docx"
"ADD","ATTACH","BODY_FILE","msgs\test_email_29.msg","attach_2.docx","test_attachment.docx"
"ADD","ATTACH","BODY_FILE","msgs\test_email_29.msg","attach_3.docx","test_attachment.docx"
"ADD","ATTACH","BODY_FILE","msgs\test_email_29.msg","attach_4.docx","test_attachment.docx"
"ADD","ATTACH","BODY_FILE","msgs\test_email_29.msg","attach_5.docx","test_attachment.docx"
"ADD","ATTACH","BODY_FILE","msgs\test_email_29.msg","attach_6.docx","test_attachment.docx"
"ADD","ATTACH","BODY_FILE","msgs\test_email_29.msg","attach_7.docx","test_attachment.docx"
"ADD","ATTACH","BODY_FILE","msgs\test_email_29.msg","attach_8.docx","test_attachment.docx"
"ADD","ATTACH","BODY_FILE","msgs\test_email_29.msg","attach_9.docx","test_attachment.docx"
"ADD","ATTACH","BODY_FILE","msgs\test_email_29.msg","attach_10.docx","test_attachment.docx"
"UPDATE","SUBJECT","msgs\test_email_30.msg","Email test_email_30.msg"  
"ADD","ATTACH","BODY_FILE","msgs\test_email_30.msg","attach_1.docx","test_attachment.docx"
"ADD","ATTACH","BODY_FILE","msgs\test_email_30.msg","attach_2.docx","test_attachment.docx"
"ADD","ATTACH","BODY_FILE","msgs\test_email_30.msg","attach_3.docx","test_attachment.docx"
"ADD","ATTACH","BODY_FILE","msgs\test_email_30.msg","attach_4.docx","test_attachment.docx"
"ADD","ATTACH","BODY_FILE","msgs\test_email_30.msg","attach_5.docx","test_attachment.docx"
"ADD","ATTACH","BODY_FILE","msgs\test_email_30.msg","attach_6.docx","test_attachment.docx"
"ADD","ATTACH","BODY_FILE","msgs\test_email_30.msg","attach_7.docx","test_attachment.docx"
"ADD","ATTACH","BODY_FILE","msgs\test_email_30.msg","attach_8.docx","test_attachment.docx"
"ADD","ATTACH","BODY_FILE","msgs\test_email_30.msg","attach_9.docx","test_attachment.docx"
"ADD","ATTACH","BODY_FILE","msgs\test_email_30.msg","attach_10.docx","test_attachment.docx"
"UPDATE","SUBJECT","msgs\test_email_31.msg","Email test_email_31.msg"  
"ADD","ATTACH","BODY_FILE","msgs\test_email_31.msg","attach_1.docx","test_attachment.docx"
"ADD","ATTACH","BODY_FILE","msgs\test_email_31.msg","attach_2.docx","test_attachment.docx"
"ADD","ATTACH","BODY_FILE","msgs\test_email_31.msg","attach_3.docx","test_attachment.docx"
"ADD","ATTACH","BODY_FILE","msgs\test_email_31.msg","attach_4.docx","test_attachment.docx"
"ADD","ATTACH","BODY_FILE","msgs\test_email_31.msg","attach_5.docx","test_attachment.docx"
"ADD","ATTACH","BODY_FILE","msgs\test_email_31.msg","attach_6.docx","test_attachment.docx"
"ADD","ATTACH","BODY_FILE","msgs\test_email_31.msg","attach_7.docx","test_attachment.docx"
"ADD","ATTACH","BODY_FILE","msgs\test_email_31.msg","attach_8.docx","test_attachment.docx"
"ADD","ATTACH","BODY_FILE","msgs\test_email_31.msg","attach_9.docx","test_attachment.docx"
"ADD","ATTACH","BODY_FILE","msgs\test_email_31.msg","attach_10.docx","test_attachment.docx"
"UPDATE","SUBJECT","msgs\test_email_32.msg","Email test_email_32.msg"  
"ADD","ATTACH","BODY_FILE","msgs\test_email_32.msg","attach_1.docx","test_attachment.docx"
"ADD","ATTACH","BODY_FILE","msgs\test_email_32.msg","attach_2.docx","test_attachment.docx"
"ADD","ATTACH","BODY_FILE","msgs\test_email_32.msg","attach_3.docx","test_attachment.docx"
"ADD","ATTACH","BODY_FILE","msgs\test_email_32.msg","attach_4.docx","test_attachment.docx"
"ADD","ATTACH","BODY_FILE","msgs\test_email_32.msg","attach_5.docx","test_attachment.docx"
"ADD","ATTACH","BODY_FILE","msgs\test_email_32.msg","attach_6.docx","test_attachment.docx"
"ADD","ATTACH","BODY_FILE","msgs\test_email_32.msg","attach_7.docx","test_attachment.docx"
"ADD","ATTACH","BODY_FILE","msgs\test_email_32.msg","attach_8.docx","test_attachment.docx"
"ADD","ATTACH","BODY_FILE","msgs\test_email_32.msg","attach_9.docx","test_attachment.docx"
"ADD","ATTACH","BODY_FILE","msgs\test_email_32.msg","attach_10.docx","test_attachment.docx"
"UPDATE","SUBJECT","msgs\test_email_33.msg","Email test_email_33.msg"  
"ADD","ATTACH","BODY_FILE","msgs\test_email_33.msg","attach_1.docx","test_attachment.docx"
"ADD","ATTACH","BODY_FILE","msgs\test_email_33.msg","attach_2.docx","test_attachment.docx"
"ADD","ATTACH","BODY_FILE","msgs\test_email_33.msg","attach_3.docx","test_attachment.docx"
"ADD","ATTACH","BODY_FILE","msgs\test_email_33.msg","attach_4.docx","test_attachment.docx"
"ADD","ATTACH","BODY_FILE","msgs\test_email_33.msg","attach_5.docx","test_attachment.docx"
"ADD","ATTACH","BODY_FILE","msgs\test_email_33.msg","attach_6.docx","test_attachment.docx"
"ADD","ATTACH","BODY_FILE","msgs\test_email_33.msg","attach_7.docx","test_attachment.docx"
"ADD","ATTACH","BODY_FILE","msgs\test_email_33.msg","attach_8.docx","test_attachment.docx"
"ADD","ATTACH","BODY_FILE","msgs\test_email_33.msg","attach_9.docx","test_attachment.docx"
"ADD","ATTACH","BODY_FILE","msgs\test_email_33.msg","attach_10.docx","test_attachment.docx"
"UPDATE","SUBJECT","msgs\test_email_34.msg","Email test_email_34.msg"  
"ADD","ATTACH","BODY_FILE","msgs\test_email_34.msg","attach_1.docx","test_attachment.docx"
"ADD","ATTACH","BODY_FILE","msgs\test_email_34.msg","attach_2.docx","test_attachment.docx"
"ADD","ATTACH","BODY_FILE","msgs\test_email_34.msg","attach_3.docx","test_attachment.docx"
"ADD","ATTACH","BODY_FILE","msgs\test_email_34.msg","attach_4.docx","test_attachment.docx"
"ADD","ATTACH","BODY_FILE","msgs\test_email_34.msg","attach_5.docx","test_attachment.docx"
"ADD","ATTACH","BODY_FILE","msgs\test_email_34.msg","attach_6.docx","test_attachment.docx"
"ADD","ATTACH","BODY_FILE","msgs\test_email_34.msg","attach_7.docx","test_attachment.docx"
"ADD","ATTACH","BODY_FILE","msgs\test_email_34.msg","attach_8.docx","test_attachment.docx"
"ADD","ATTACH","BODY_FILE","msgs\test_email_34.msg","attach_9.docx","test_attachment.docx"
"ADD","ATTACH","BODY_FILE","msgs\test_email_34.msg","attach_10.docx","test_attachment.docx"
"UPDATE","SUBJECT","msgs\test_email_35.msg","Email test_email_35.msg"  
"ADD","ATTACH","BODY_FILE","msgs\test_email_35.msg","attach_1.docx","test_attachment.docx"
"ADD","ATTACH","BODY_FILE","msgs\test_email_35.msg","attach_2.docx","test_attachment.docx"
"ADD","ATTACH","BODY_FILE","msgs\test_email_35.msg","attach_3.docx","test_attachment.docx"
"ADD","ATTACH","BODY_FILE","msgs\test_email_35.msg","attach_4.docx","test_attachment.docx"
"ADD","ATTACH","BODY_FILE","msgs\test_email_35.msg","attach_5.docx","test_attachment.docx"
"ADD","ATTACH","BODY_FILE","msgs\test_email_35.msg","attach_6.docx","test_attachment.docx"
"ADD","ATTACH","BODY_FILE","msgs\test_email_35.msg","attach_7.docx","test_attachment.docx"
"ADD","ATTACH","BODY_FILE","msgs\test_email_35.msg","attach_8.docx","test_attachment.docx"
"ADD","ATTACH","BODY_FILE","msgs\test_email_35.msg","attach_9.docx","test_attachment.docx"
"ADD","ATTACH","BODY_FILE","msgs\test_email_35.msg","attach_10.docx","test_attachment.docx"
"UPDATE","SUBJECT","msgs\test_email_36.msg","Email test_email_36.msg"  
"ADD","ATTACH","BODY_FILE","msgs\test_email_36.msg","attach_1.docx","test_attachment.docx"
"ADD","ATTACH","BODY_FILE","msgs\test_email_36.msg","attach_2.docx","test_attachment.docx"
"ADD","ATTACH","BODY_FILE","msgs\test_email_36.msg","attach_3.docx","test_attachment.docx"
"ADD","ATTACH","BODY_FILE","msgs\test_email_36.msg","attach_4.docx","test_attachment.docx"
"ADD","ATTACH","BODY_FILE","msgs\test_email_36.msg","attach_5.docx","test_attachment.docx"
"ADD","ATTACH","BODY_FILE","msgs\test_email_36.msg","attach_6.docx","test_attachment.docx"
"ADD","ATTACH","BODY_FILE","msgs\test_email_36.msg","attach_7.docx","test_attachment.docx"
"ADD","ATTACH","BODY_FILE","msgs\test_email_36.msg","attach_8.docx","test_attachment.docx"
"ADD","ATTACH","BODY_FILE","msgs\test_email_36.msg","attach_9.docx","test_attachment.docx"
"ADD","ATTACH","BODY_FILE","msgs\test_email_36.msg","attach_10.docx","test_attachment.docx"
"UPDATE","SUBJECT","msgs\test_email_37.msg","Email test_email_37.msg"  
"ADD","ATTACH","BODY_FILE","msgs\test_email_37.msg","attach_1.docx","test_attachment.docx"
"ADD","ATTACH","BODY_FILE","msgs\test_email_37.msg","attach_2.docx","test_attachment.docx"
"ADD","ATTACH","BODY_FILE","msgs\test_email_37.msg","attach_3.docx","test_attachment.docx"
"ADD","ATTACH","BODY_FILE","msgs\test_email_37.msg","attach_4.docx","test_attachment.docx"
"ADD","ATTACH","BODY_FILE","msgs\test_email_37.msg","attach_5.docx","test_attachment.docx"
"ADD","ATTACH","BODY_FILE","msgs\test_email_37.msg","attach_6.docx","test_attachment.docx"
"ADD","ATTACH","BODY_FILE","msgs\test_email_37.msg","attach_7.docx","test_attachment.docx"
"ADD","ATTACH","BODY_FILE","msgs\test_email_37.msg","attach_8.docx","test_attachment.docx"
"ADD","ATTACH","BODY_FILE","msgs\test_email_37.msg","attach_9.docx","test_attachment.docx"
"ADD","ATTACH","BODY_FILE","msgs\test_email_37.msg","attach_10.docx","test_attachment.docx"
"UPDATE","SUBJECT","msgs\test_email_38.msg","Email test_email_38.msg"  
"ADD","ATTACH","BODY_FILE","msgs\test_email_38.msg","attach_1.docx","test_attachment.docx"
"ADD","ATTACH","BODY_FILE","msgs\test_email_38.msg","attach_2.docx","test_attachment.docx"
"ADD","ATTACH","BODY_FILE","msgs\test_email_38.msg","attach_3.docx","test_attachment.docx"
"ADD","ATTACH","BODY_FILE","msgs\test_email_38.msg","attach_4.docx","test_attachment.docx"
"ADD","ATTACH","BODY_FILE","msgs\test_email_38.msg","attach_5.docx","test_attachment.docx"
"ADD","ATTACH","BODY_FILE","msgs\test_email_38.msg","attach_6.docx","test_attachment.docx"
"ADD","ATTACH","BODY_FILE","msgs\test_email_38.msg","attach_7.docx","test_attachment.docx"
"ADD","ATTACH","BODY_FILE","msgs\test_email_38.msg","attach_8.docx","test_attachment.docx"
"ADD","ATTACH","BODY_FILE","msgs\test_email_38.msg","attach_9.docx","test_attachment.docx"
"ADD","ATTACH","BODY_FILE","msgs\test_email_38.msg","attach_10.docx","test_attachment.docx"
"UPDATE","SUBJECT","msgs\test_email_39.msg","Email test_email_39.msg"  
"ADD","ATTACH","BODY_FILE","msgs\test_email_39.msg","attach_1.docx","test_attachment.docx"
"ADD","ATTACH","BODY_FILE","msgs\test_email_39.msg","attach_2.docx","test_attachment.docx"
"ADD","ATTACH","BODY_FILE","msgs\test_email_39.msg","attach_3.docx","test_attachment.docx"
"ADD","ATTACH","BODY_FILE","msgs\test_email_39.msg","attach_4.docx","test_attachment.docx"
"ADD","ATTACH","BODY_FILE","msgs\test_email_39.msg","attach_5.docx","test_attachment.docx"
"ADD","ATTACH","BODY_FILE","msgs\test_email_39.msg","attach_6.docx","test_attachment.docx"
"ADD","ATTACH","BODY_FILE","msgs\test_email_39.msg","attach_7.docx","test_attachment.docx"
"ADD","ATTACH","BODY_FILE","msgs\test_email_39.msg","attach_8.docx","test_attachment.docx"
"ADD","ATTACH","BODY_FILE","msgs\test_email_39.msg","attach_9.docx","test_attachment.docx"
"ADD","ATTACH","BODY_FILE","msgs\test_email_39.msg","attach_10.docx","test_attachment.docx"
"UPDATE","SUBJECT","msgs\test_email_40.msg","Email test_email_40.msg"  
"ADD","ATTACH","BODY_FILE","msgs\test_email_40.msg","attach_1.docx","test_attachment.docx"
"ADD","ATTACH","BODY_FILE","msgs\test_email_40.msg","attach_2.docx","test_attachment.docx"
"ADD","ATTACH","BODY_FILE","msgs\test_email_40.msg","attach_3.docx","test_attachment.docx"
"ADD","ATTACH","BODY_FILE","msgs\test_email_40.msg","attach_4.docx","test_attachment.docx"
"ADD","ATTACH","BODY_FILE","msgs\test_email_40.msg","attach_5.docx","test_attachment.docx"
"ADD","ATTACH","BODY_FILE","msgs\test_email_40.msg","attach_6.docx","test_attachment.docx"
"ADD","ATTACH","BODY_FILE","msgs\test_email_40.msg","attach_7.docx","test_attachment.docx"
"ADD","ATTACH","BODY_FILE","msgs\test_email_40.msg","attach_8.docx","test_attachment.docx"
"ADD","ATTACH","BODY_FILE","msgs\test_email_40.msg","attach_9.docx","test_attachment.docx"
"ADD","ATTACH","BODY_FILE","msgs\test_email_40.msg","attach_10.docx","test_attachment.docx"
"UPDATE","SUBJECT","msgs\test_email_41.msg","Email test_email_41.msg"  
"ADD","ATTACH","BODY_FILE","msgs\test_email_41.msg","attach_1.docx","test_attachment.docx"
"ADD","ATTACH","BODY_FILE","msgs\test_email_41.msg","attach_2.docx","test_attachment.docx"
"ADD","ATTACH","BODY_FILE","msgs\test_email_41.msg","attach_3.docx","test_attachment.docx"
"ADD","ATTACH","BODY_FILE","msgs\test_email_41.msg","attach_4.docx","test_attachment.docx"
"ADD","ATTACH","BODY_FILE","msgs\test_email_41.msg","attach_5.docx","test_attachment.docx"
"ADD","ATTACH","BODY_FILE","msgs\test_email_41.msg","attach_6.docx","test_attachment.docx"
"ADD","ATTACH","BODY_FILE","msgs\test_email_41.msg","attach_7.docx","test_attachment.docx"
"ADD","ATTACH","BODY_FILE","msgs\test_email_41.msg","attach_8.docx","test_attachment.docx"
"ADD","ATTACH","BODY_FILE","msgs\test_email_41.msg","attach_9.docx","test_attachment.docx"
"ADD","ATTACH","BODY_FILE","msgs\test_email_41.msg","attach_10.docx","test_attachment.docx"
"UPDATE","SUBJECT","msgs\test_email_42.msg","Email test_email_42.msg"  
"ADD","ATTACH","BODY_FILE","msgs\test_email_42.msg","attach_1.docx","test_attachment.docx"
"ADD","ATTACH","BODY_FILE","msgs\test_email_42.msg","attach_2.docx","test_attachment.docx"
"ADD","ATTACH","BODY_FILE","msgs\test_email_42.msg","attach_3.docx","test_attachment.docx"
"ADD","ATTACH","BODY_FILE","msgs\test_email_42.msg","attach_4.docx","test_attachment.docx"
"ADD","ATTACH","BODY_FILE","msgs\test_email_42.msg","attach_5.docx","test_attachment.docx"
"ADD","ATTACH","BODY_FILE","msgs\test_email_42.msg","attach_6.docx","test_attachment.docx"
"ADD","ATTACH","BODY_FILE","msgs\test_email_42.msg","attach_7.docx","test_attachment.docx"
"ADD","ATTACH","BODY_FILE","msgs\test_email_42.msg","attach_8.docx","test_attachment.docx"
"ADD","ATTACH","BODY_FILE","msgs\test_email_42.msg","attach_9.docx","test_attachment.docx"
"ADD","ATTACH","BODY_FILE","msgs\test_email_42.msg","attach_10.docx","test_attachment.docx"
"UPDATE","SUBJECT","msgs\test_email_43.msg","Email test_email_43.msg"  
"ADD","ATTACH","BODY_FILE","msgs\test_email_43.msg","attach_1.docx","test_attachment.docx"
"ADD","ATTACH","BODY_FILE","msgs\test_email_43.msg","attach_2.docx","test_attachment.docx"
"ADD","ATTACH","BODY_FILE","msgs\test_email_43.msg","attach_3.docx","test_attachment.docx"
"ADD","ATTACH","BODY_FILE","msgs\test_email_43.msg","attach_4.docx","test_attachment.docx"
"ADD","ATTACH","BODY_FILE","msgs\test_email_43.msg","attach_5.docx","test_attachment.docx"
"ADD","ATTACH","BODY_FILE","msgs\test_email_43.msg","attach_6.docx","test_attachment.docx"
"ADD","ATTACH","BODY_FILE","msgs\test_email_43.msg","attach_7.docx","test_attachment.docx"
"ADD","ATTACH","BODY_FILE","msgs\test_email_43.msg","attach_8.docx","test_attachment.docx"
"ADD","ATTACH","BODY_FILE","msgs\test_email_43.msg","attach_9.docx","test_attachment.docx"
"ADD","ATTACH","BODY_FILE","msgs\test_email_43.msg","attach_10.docx","test_attachment.docx"
"UPDATE","SUBJECT","msgs\test_email_44.msg","Email test_email_44.msg"  
"ADD","ATTACH","BODY_FILE","msgs\test_email_44.msg","attach_1.docx","test_attachment.docx"
"ADD","ATTACH","BODY_FILE","msgs\test_email_44.msg","attach_2.docx","test_attachment.docx"
"ADD","ATTACH","BODY_FILE","msgs\test_email_44.msg","attach_3.docx","test_attachment.docx"
"ADD","ATTACH","BODY_FILE","msgs\test_email_44.msg","attach_4.docx","test_attachment.docx"
"ADD","ATTACH","BODY_FILE","msgs\test_email_44.msg","attach_5.docx","test_attachment.docx"
"ADD","ATTACH","BODY_FILE","msgs\test_email_44.msg","attach_6.docx","test_attachment.docx"
"ADD","ATTACH","BODY_FILE","msgs\test_email_44.msg","attach_7.docx","test_attachment.docx"
"ADD","ATTACH","BODY_FILE","msgs\test_email_44.msg","attach_8.docx","test_attachment.docx"
"ADD","ATTACH","BODY_FILE","msgs\test_email_44.msg","attach_9.docx","test_attachment.docx"
"ADD","ATTACH","BODY_FILE","msgs\test_email_44.msg","attach_10.docx","test_attachment.docx"
"UPDATE","SUBJECT","msgs\test_email_45.msg","Email test_email_45.msg"  
"ADD","ATTACH","BODY_FILE","msgs\test_email_45.msg","attach_1.docx","test_attachment.docx"
"ADD","ATTACH","BODY_FILE","msgs\test_email_45.msg","attach_2.docx","test_attachment.docx"
"ADD","ATTACH","BODY_FILE","msgs\test_email_45.msg","attach_3.docx","test_attachment.docx"
"ADD","ATTACH","BODY_FILE","msgs\test_email_45.msg","attach_4.docx","test_attachment.docx"
"ADD","ATTACH","BODY_FILE","msgs\test_email_45.msg","attach_5.docx","test_attachment.docx"
"ADD","ATTACH","BODY_FILE","msgs\test_email_45.msg","attach_6.docx","test_attachment.docx"
"ADD","ATTACH","BODY_FILE","msgs\test_email_45.msg","attach_7.docx","test_attachment.docx"
"ADD","ATTACH","BODY_FILE","msgs\test_email_45.msg","attach_8.docx","test_attachment.docx"
"ADD","ATTACH","BODY_FILE","msgs\test_email_45.msg","attach_9.docx","test_attachment.docx"
"ADD","ATTACH","BODY_FILE","msgs\test_email_45.msg","attach_10.docx","test_attachment.docx"
"UPDATE","SUBJECT","msgs\test_email_46.msg","Email test_email_46.msg"  
"ADD","ATTACH","BODY_FILE","msgs\test_email_46.msg","attach_1.docx","test_attachment.docx"
"ADD","ATTACH","BODY_FILE","msgs\test_email_46.msg","attach_2.docx","test_attachment.docx"
"ADD","ATTACH","BODY_FILE","msgs\test_email_46.msg","attach_3.docx","test_attachment.docx"
"ADD","ATTACH","BODY_FILE","msgs\test_email_46.msg","attach_4.docx","test_attachment.docx"
"ADD","ATTACH","BODY_FILE","msgs\test_email_46.msg","attach_5.docx","test_attachment.docx"
"ADD","ATTACH","BODY_FILE","msgs\test_email_46.msg","attach_6.docx","test_attachment.docx"
"ADD","ATTACH","BODY_FILE","msgs\test_email_46.msg","attach_7.docx","test_attachment.docx"
"ADD","ATTACH","BODY_FILE","msgs\test_email_46.msg","attach_8.docx","test_attachment.docx"
"ADD","ATTACH","BODY_FILE","msgs\test_email_46.msg","attach_9.docx","test_attachment.docx"
"ADD","ATTACH","BODY_FILE","msgs\test_email_46.msg","attach_10.docx","test_attachment.docx"
"UPDATE","SUBJECT","msgs\test_email_47.msg","Email test_email_47.msg"  
"ADD","ATTACH","BODY_FILE","msgs\test_email_47.msg","attach_1.docx","test_attachment.docx"
"ADD","ATTACH","BODY_FILE","msgs\test_email_47.msg","attach_2.docx","test_attachment.docx"
"ADD","ATTACH","BODY_FILE","msgs\test_email_47.msg","attach_3.docx","test_attachment.docx"
"ADD","ATTACH","BODY_FILE","msgs\test_email_47.msg","attach_4.docx","test_attachment.docx"
"ADD","ATTACH","BODY_FILE","msgs\test_email_47.msg","attach_5.docx","test_attachment.docx"
"ADD","ATTACH","BODY_FILE","msgs\test_email_47.msg","attach_6.docx","test_attachment.docx"
"ADD","ATTACH","BODY_FILE","msgs\test_email_47.msg","attach_7.docx","test_attachment.docx"
"ADD","ATTACH","BODY_FILE","msgs\test_email_47.msg","attach_8.docx","test_attachment.docx"
"ADD","ATTACH","BODY_FILE","msgs\test_email_47.msg","attach_9.docx","test_attachment.docx"
"ADD","ATTACH","BODY_FILE","msgs\test_email_47.msg","attach_10.docx","test_attachment.docx"
"UPDATE","SUBJECT","msgs\test_email_48.msg","Email test_email_48.msg"  
"ADD","ATTACH","BODY_FILE","msgs\test_email_48.msg","attach_1.docx","test_attachment.docx"
"ADD","ATTACH","BODY_FILE","msgs\test_email_48.msg","attach_2.docx","test_attachment.docx"
"ADD","ATTACH","BODY_FILE","msgs\test_email_48.msg","attach_3.docx","test_attachment.docx"
"ADD","ATTACH","BODY_FILE","msgs\test_email_48.msg","attach_4.docx","test_attachment.docx"
"ADD","ATTACH","BODY_FILE","msgs\test_email_48.msg","attach_5.docx","test_attachment.docx"
"ADD","ATTACH","BODY_FILE","msgs\test_email_48.msg","attach_6.docx","test_attachment.docx"
"ADD","ATTACH","BODY_FILE","msgs\test_email_48.msg","attach_7.docx","test_attachment.docx"
"ADD","ATTACH","BODY_FILE","msgs\test_email_48.msg","attach_8.docx","test_attachment.docx"
"ADD","ATTACH","BODY_FILE","msgs\test_email_48.msg","attach_9.docx","test_attachment.docx"
"ADD","ATTACH","BODY_FILE","msgs\test_email_48.msg","attach_10.docx","test_attachment.docx"
"UPDATE","SUBJECT","msgs\test_email_49.msg","Email test_email_49.msg"  
"ADD","ATTACH","BODY_FILE","msgs\test_email_49.msg","attach_1.docx","test_attachment.docx"
"ADD","ATTACH","BODY_FILE","msgs\test_email_49.msg","attach_2.docx","test_attachment.docx"
"ADD","ATTACH","BODY_FILE","msgs\test_email_49.msg","attach_3.docx","test_attachment.docx"
"ADD","ATTACH","BODY_FILE","msgs\test_email_49.msg","attach_4.docx","test_attachment.docx"
"ADD","ATTACH","BODY_FILE","msgs\test_email_49.msg","attach_5.docx","test_attachment.docx"
"ADD","ATTACH","BODY_FILE","msgs\test_email_49.msg","attach_6.docx","test_attachment.docx"
"ADD","ATTACH","BODY_FILE","msgs\test_email_49.msg","attach_7.docx","test_attachment.docx"
"ADD","ATTACH","BODY_FILE","msgs\test_email_49.msg","attach_8.docx","test_attachment.docx"
"ADD","ATTACH","BODY_FILE","msgs\test_email_49.msg","attach_9.docx","test_attachment.docx"
"ADD","ATTACH","BODY_FILE","msgs\test_email_49.msg","attach_10.docx","test_attachment.docx"
"UPDATE","SUBJECT","msgs\test_email_50.msg","Email test_email_50.msg"  
"ADD","ATTACH","BODY_FILE","msgs\test_email_50.msg","attach_1.docx","test_attachment.docx"
"ADD","ATTACH","BODY_FILE","msgs\test_email_50.msg","attach_2.docx","test_attachment.docx"
"ADD","ATTACH","BODY_FILE","msgs\test_email_50.msg","attach_3.docx","test_attachment.docx"
"ADD","ATTACH","BODY_FILE","msgs\test_email_50.msg","attach_4.docx","test_attachment.docx"
"ADD","ATTACH","BODY_FILE","msgs\test_email_50.msg","attach_5.docx","test_attachment.docx"
"ADD","ATTACH","BODY_FILE","msgs\test_email_50.msg","attach_6.docx","test_attachment.docx"
"ADD","ATTACH","BODY_FILE","msgs\test_email_50.msg","attach_7.docx","test_attachment.docx"
"ADD","ATTACH","BODY_FILE","msgs\test_email_50.msg","attach_8.docx","test_attachment.docx"
"ADD","ATTACH","BODY_FILE","msgs\test_email_50.msg","attach_9.docx","test_attachment.docx"
"ADD","ATTACH","BODY_FILE","msgs\test_email_50.msg","attach_10.docx","test_attachment.docx"
